time,P_atm,Alt
0.0,101325.0,295.0
0.00018059785780928886,101324.99787918672,295.0000008277743
0.0003611957156185777,101324.99575837344,295.0000025215262
0.0007223914312371554,101324.99151674689,295.0000077173936
0.001083587146855733,101324.98727512032,295.00001668280646
0.0014447828624743109,101324.98303349377,295.0000297234055
0.005056740018660088,101324.9406172282,295.0004440589848
0.0056589997160148954,101324.93354471705,295.0005760020365
0.006261259413369703,101324.9264722059,295.00073019983205
0.0068635191107245105,101324.91939969474,295.0009089270592
0.008068038505434126,101324.90525467244,295.00134721070026
0.009272557900143742,101324.89110965014,295.0019057498829
0.010477077294853357,101324.87696462784,295.00259311488816
0.011681596689562972,101324.86281960554,295.00341430223887
0.01402757144325482,101324.83527014029,295.0054081005496
0.01637354619694667,101324.80772067503,295.007930350947
0.01871952095063852,101324.78017120979,295.0109807295763
0.02106549570433037,101324.75262174453,295.01455767244005
0.032842923171271,101324.61431598134,295.04043219267436
0.04462035063821163,101324.47601021813,295.0794601553467
0.056397778105152264,101324.33770445496,295.13156156221567
0.08804420575642605,101323.96607123202,295.3356836721654
0.11969063340769984,101323.59443800924,295.6324616241453
0.15133706105897363,101323.22280478668,296.0209052642887
0.21277176238011924,101322.50135918605,297.0344613145353
0.2570177416042403,101321.9817657589,297.97485485037413
0.3012637208283613,101321.46217233264,299.0912230340159
0.3273641045245815,101321.15566792231,299.8322152438395
0.33047970889728684,101321.11908047243,299.9251903676532
0.3335953132699922,101321.08249302256,300.0190370677429
0.33982652201540287,101321.00931812283,300.20847362251277
0.34605773076081353,101320.93614322311,300.4013964963519
0.3522889395062242,101320.86296832342,300.59780571904577
0.40408997897844867,101320.25465362621,302.36555704970704
0.45589101845067315,101319.64633893088,304.3743049839853
0.5076920579228976,101319.03802423766,306.6241316885483
0.5594930973951221,101318.42970954679,309.1151305252225
0.6112941368673466,101317.82139485853,311.8474046497666
0.663095176339571,101317.21308017311,314.82106209572544
0.7148962158117955,101316.60476549077,318.03620711362663
0.7769092817508401,101315.87652801399,322.20290465977087
0.8389223476898846,101315.14829054238,326.715945445547
0.9009354136289291,101314.42005307633,331.57539136788677
0.9629484795679737,101313.6918156163,336.7812234161607
1.0249615455070182,101312.96357816269,342.33332601144
1.036387696017789,101312.82939755765,343.39408549812026
1.0478138465285596,101312.69521695287,344.46659155202747
1.0592399970393302,101312.5610363483,345.5508422532768
1.070666147550101,101312.426855744,346.6468355674701
1.0966236938928844,101312.1220287385,349.1803043894765
1.1225812402356679,101311.81720173427,351.77433730329227
1.1485387865784513,101311.51237473138,354.42890441061144
1.1744963329212348,101311.2075477298,357.1439734670487
1.195205286906626,101310.96435647282,359.35342388379325
1.2159142408920174,101310.72116521672,361.6013433676276
1.2366231948774087,101310.47797396152,363.8877135922002
1.2573321488628,101310.23478270724,366.2125161117696
1.2885662131423394,101309.86799203123,369.79152982304464
1.3198002774218789,101309.50120135739,373.4578645845111
1.3510343417014183,101309.13441068579,377.2114601401943
1.3822684059809578,101308.76762001646,381.05225984742805
1.4313475717585464,101308.19126915297,387.26348868675734
1.480426737536135,101307.61491829547,393.68973028237195
1.5295059033137237,101307.03856744413,400.330845479779
1.5785850690913124,101306.46221659918,407.1867316597134
1.627664234868901,101305.88586576079,414.2573196558912
1.6521695218390944,101305.59809309102,417.8680227210553
1.6766748088092878,101305.31032042297,421.5322383651144
1.7011800957794811,101305.02254775666,425.2499652824787
1.7256853827496745,101304.73477509212,429.02120364997825
1.7455222615667272,101304.50182489456,432.1131898656544
1.7653591403837798,101304.26887469817,435.24024321660653
1.7851960192008325,101304.035924503,438.40236536802144
1.8050328980178851,101303.80297430903,441.59955843097
1.8397042858051234,101303.39581819714,447.27191706069726
1.8743756735923616,101302.98866208908,453.05143650043766
1.9090470613795998,101302.58150598491,458.9381342656267
1.943718449166838,101302.17434988474,464.93202879225544
1.9880221436620569,101301.65407883642,472.7471637158478
2.0323258381572757,101301.13380779487,480.7373919405507
2.0766295326524946,101300.61353676024,488.90273201357417
2.1209332271477135,101300.09326573265,497.2431824952938
2.1652369216429324,101299.57299471227,505.7587167567493
2.2095406161381512,101299.05272369925,514.4492823968666
2.25384431063337,101298.53245269373,523.3148065953038
2.298148005128589,101298.01218169587,532.3551958549498
2.3386917208281304,101297.53606521482,540.7814796911505
2.3792354365276718,101297.05994874043,549.3540089425984
2.419779152227213,101296.5838322728,558.0726666201881
2.4603228679267546,101296.10771581205,566.9373176156539
2.500866583626296,101295.63159935831,575.9478048461202
2.5098825961229774,101295.52572174488,577.9713385224092
2.5188986086196588,101295.41984413181,580.0020730305416
2.52791462111634,101295.31396651908,582.0400061427563
2.5369306336130215,101295.20808890673,584.085135575621
2.566491034532289,101294.86095267013,590.8408569312018
2.5960514354515567,101294.51381643741,597.6738219887999
2.6256118363708243,101294.16668020863,604.5839365790049
2.655172237290092,101293.8195439838,611.5711034299785
2.698121159663632,101293.31518253751,621.8600078385067
2.7410700820371723,101292.81082109982,632.3110625828598
2.7840190044107125,101292.30645967089,642.9239606069917
2.8269679267842527,101291.80209825086,653.6983997040257
2.869916849157793,101291.29773683984,664.6340936066154
2.912865771531333,101290.79337543799,675.7307793468661
2.9558146939048733,101290.28901404545,686.9882224339386
2.9987636162784135,101289.78465266235,698.4062153589674
3.0322927925397867,101289.39091003753,707.4314235319907
3.0598104713278054,101289.06776213666,714.911419234104
3.087328150115824,101288.7446142398,722.4570865138145
3.1148458289038428,101288.42146634698,730.0683499931916
3.1423635076918615,101288.09831845824,737.74513360596
3.16988118647988,101287.77517057363,745.4873592331189
3.2016502786749315,101287.40209714416,754.5070203792914
3.2334193708699828,101287.02902372029,763.6136597813282
3.265188463065034,101286.65595030205,772.8071283747975
3.2969575552600854,101286.28287688953,782.0872651878107
3.3287266474551367,101285.90980348276,791.4538979819201
3.360495739650188,101285.5367300818,800.9068434109648
3.406604272054346,101284.99526460464,814.7796533838216
3.452712804458504,101284.45379914001,828.8331681573608
3.4898451766647516,101284.01774325848,840.2815586790304
3.5269775488709993,101283.58168738526,851.8459004875413
3.564109921077247,101283.14563152049,863.5254355956724
3.601242293283495,101282.7095756642,875.3194165783741
3.6383746654897426,101282.27351981652,887.227161109946
3.6755070376959904,101281.83746397751,899.2479891211157
3.712639409902238,101281.40140814729,911.3811618815439
3.749771782108486,101280.96535232592,923.6259034136999
3.7869041543147337,101280.5292965135,935.9814526873099
3.8240365265209815,101280.09324071014,948.4470723893232
3.8611688987272292,101279.65718491588,961.0220181734462
3.898301270933477,101279.22112913085,973.7055167517121
3.9354336431397248,101278.78507335513,986.4967716959213
3.9725660153459725,101278.3490175888,999.3949758810887
4.009698387552221,101277.91296183194,1012.3994186205892
4.040141607463011,101277.55545865491,1023.1400648383469
4.070584827373801,101277.19795548437,1033.951559721957
4.101028047284591,101276.84045232036,1044.8337440574944
4.131471267195381,101276.48294916294,1055.7864175344528
4.161914487106171,101276.12544601213,1066.80933763429
4.192357707016961,101275.767942868,1077.9022642873522
4.225980160128321,101275.37310511767,1090.2347353034695
4.259602613239681,101274.97826737561,1102.6520480105924
4.293225066351042,101274.58342964188,1115.1539047630927
4.326847519462402,101274.18859191655,1127.739995474871
4.360469972573762,101273.7937541997,1140.4100135380927
4.394092425685122,101273.39891649138,1153.1636647140258
4.432461168147484,101272.94834181314,1167.8194885334965
4.470829910609846,101272.49776714623,1182.5834550545148
4.509198653072208,101272.04719249069,1197.4551842480198
4.54756739553457,101271.59661784665,1212.4343037894746
4.585936137996932,101271.14604321419,1227.5204425223715
4.624304880459294,101270.69546859343,1242.71322808121
4.668647013798137,101270.17474682703,1260.4036329660858
4.712989147136979,101269.65402507652,1278.2353777057065
4.757331280475822,101269.13330334205,1296.2078566994699
4.801673413814664,101268.61258162378,1314.3204529622378
4.846015547153507,101268.09185992186,1332.5725392134582
4.890357680492349,101267.57113823642,1350.9634815836262
4.939615187212137,101266.99269400917,1371.5551053449997
4.988872693931925,101266.41424980268,1392.3164221759369
5.038130200651713,101265.83580561713,1413.2465617203927
5.087387707371501,101265.25736145274,1434.3446540909479
5.136645214091288,101264.67891730973,1455.6098307667694
5.185902720811076,101264.10047318829,1477.0412222587543
5.235160227530864,101263.52202908864,1498.637952109233
5.284417734250652,101262.94358501096,1520.3991301757235
5.3336752409704395,101262.36514095549,1542.3238480574887
5.382932747690227,101261.78669692243,1564.411178586853
5.432190254410015,101261.20825291197,1586.6601785020757
5.481447761129803,101260.62980892432,1609.069892847379
5.530705267849591,101260.05136495971,1631.6393598932348
5.5799627745693785,101259.47292101833,1654.3676153849003
5.629220281289166,101258.89447710037,1677.253695516588
5.678477788008954,101258.31603320607,1700.2966379011493
5.727735294728742,101257.73758933562,1723.4954796943878
5.77699280144853,101257.15914548922,1746.8492536690683
5.831356488214154,101256.5207384568,1772.8026329369616
5.885720174979778,101255.88233145422,1798.9422137331978
5.940083861745403,101255.24392448177,1825.266649168245
5.994447548511027,101254.60551753969,1851.7745749709534
6.048811235276651,101253.96711062829,1878.4646133487001
6.1031749220422755,101253.32870374783,1905.3353780491495
6.168340063869604,101252.56345261891,1937.7812612676594
6.233505205696933,101251.79820153532,1970.4824159502705
6.285688718770567,101251.18539710256,1996.8515740728976
6.337872231844201,101250.57259269943,2023.3816447499526
6.390055744917834,101249.95978832619,2050.071354612298
6.442239257991468,101249.34698398305,2076.919387632257
6.494422771065102,101248.7341796703,2103.9243911265407
6.502529224312873,101248.63898352355,2108.1334831163445
6.50382607689455,101248.6237542532,2108.8072405937633
6.505122929476228,101248.60852498286,2109.481094009833
6.507716634639582,101248.57806644225,2110.8289926664943
6.508235375672253,101248.57197473414,2111.098627232011
6.508748235169298,101248.5659520944,2111.3652199203716
6.509261094666343,101248.55992945467,2111.6318270469606
6.514389689636789,101248.49970305746,2114.2984188427113
6.516997209142165,101248.46908229179,2115.654519158023
6.519604728647541,101248.43846152618,2117.010727112297
6.522212248152917,101248.40784076066,2118.3670010735837
6.525539611020425,101248.36876669135,2120.0977552073577
6.528866973887933,101248.32969262215,2121.828546225158
6.532194336755441,101248.29061855309,2123.5593694340205
6.535521699622949,101248.25154448416,2125.2902205432024
6.543171543907604,101248.16171041637,2129.2696681959274
6.55082138819226,101248.07187634926,2133.2492447289906
6.558471232476915,101247.9820422828,2137.22894010098
6.623456610619505,101247.21890249124,2171.039378057842
6.688441988762095,101246.45576274808,2204.851823999569
6.753427366904686,101245.69262305382,2238.6604999948313
6.773273060032556,101245.4595700813,2248.983743285958
6.793118753160427,101245.22651711336,2259.305954826079
6.812964446288298,101244.99346415007,2269.6269821581454
6.8482402622728875,101244.57921138668,2287.969220559841
6.883516078257477,101244.16495863802,2306.3064100931883
6.918791894242067,101243.7507059042,2324.6377332713105
6.960489375472615,101243.26104196778,2346.29742921804
7.002186856703163,101242.77137805232,2367.9465185345007
7.043884337933711,101242.28171415794,2389.5837393329543
7.062620057082933,101242.06169595434,2399.3017257464417
7.081355776232155,101241.84167775503,2409.0169564632747
7.100091495381378,101241.62165956001,2418.729322962682
7.178508757001276,101240.70078626223,2459.3465317523264
7.258419764609378,101239.76237161447,2500.676096024741
7.322202400565804,101239.01335646566,2533.6144251401793
7.38598503652223,101238.26434136841,2566.504559524159
7.449767672478656,101237.51532632318,2599.3429086034607
7.513550308435082,101236.76631133042,2632.126002258599
7.593981317651985,101235.82179052051,2673.382123884809
7.674412326868888,101234.87726979564,2714.5386237009707
7.7548433360857905,101233.93274915674,2755.5893412910477
7.835274345302693,101232.98822860468,2796.528406664024
7.91923033029895,101232.0023135137,2839.1365267657393
8.003186315295206,101231.01639851938,2881.6108429287456
8.087142300291463,101230.0304836227,2923.9455907502693
8.17109828528772,101229.04456882471,2966.1352874603513
8.255054270283976,101228.05865412642,3008.1747195257094
8.339010255280233,101227.07273952887,3050.0589372332743
8.422966240276489,101226.08682503307,3091.7832657644117
8.519261117687472,101224.95601220435,3139.4372546399254
8.598733835267083,101224.0227459593,3178.599355589798
8.678206552846694,101223.08947980826,3217.607432178514
8.757679270426305,101222.15621375211,3256.4592220300106
8.822847433282167,101221.39092938142,3288.200298635392
8.832767977401751,101221.27443020973,3293.0229080172835
8.842688521521335,101221.15793103953,3297.843047678785
8.85260906564092,101221.04143187085,3302.6607190405803
8.862529609760504,101220.92493270368,3307.475921244405
8.88237069799967,101220.69193437387,3317.098905700007
8.902211786238837,101220.45893605011,3326.711984264323
8.922052874478004,101220.22593773241,3336.3151398152545
8.975062301855562,101219.60343625167,3361.9230263832656
9.02807172923312,101218.98093481458,3387.459621849311
9.08108115661068,101218.35843342141,3412.9246396269637
9.161155123067541,101217.41810726252,3451.2548636094707
9.225619047741684,101216.66109332346,3481.993072112014
9.290082972415828,101215.90407945077,3512.6239680442604
9.354546897089971,101215.14706564492,3543.1471419533937
9.419010821764115,101214.39005190638,3573.56222275623
9.507605214998945,101213.34966899385,3615.1854513953585
9.596199608233775,101212.30928621051,3656.6030395329008
9.684794001468605,101211.26890355757,3697.814228456347
9.773388394703435,101210.22852103623,3738.8183357054218
9.861982787938265,101209.18813864769,3779.6147513816272
9.950577181173095,101208.14775639314,3820.2029370088935
10.039171574407925,101207.10737427381,3860.582418837602
10.149337756031516,101205.81367041217,3910.5021479992615
10.259503937655106,101204.51996676376,3960.097836789922
10.277112986603875,101204.313180177,3967.995170943579
10.294722035552644,101204.10639359575,3975.8842026713533
10.312331084501412,101203.89960702002,3983.7649293526447
10.329940133450181,101203.69282044984,3991.6373500592326
10.365158231347717,101203.2792473261,4007.357274658618
10.372201850927224,101203.19653270402,4010.4966084766584
10.379245470506731,101203.11381808283,4013.6346136926363
10.393332709665746,101202.94838884313,4019.907967059125
10.395343386715819,101202.92477706457,4020.8028776827127
10.397354063765892,101202.90116528608,4021.6976800521197
10.397434490847894,101202.90022081495,4021.7334719736896
10.397514917929897,101202.8992763438,4021.769263722053
10.397595345011899,101202.89833187267,4021.80505529721
10.397675772093901,101202.89738740154,4021.8408466991605
10.397756199175904,101202.89644293039,4021.876637927905
10.39791705333991,101202.89455398811,4021.948219692569
10.398077907503916,101202.89266504585,4022.019800582338
10.398292096363352,101202.89014978369,4022.1151141212326
10.398506285222789,101202.88763452154,4022.2104261089535
10.400648173817151,101202.86248190004,4023.1634684381775
10.402790062411514,101202.83732927863,4024.1163556923666
10.404931951005876,101202.8121766573,4025.0690879129033
10.426350836949497,101202.56065044855,4034.5878956121915
10.447769722893119,101202.30912424807,4044.0912447384476
10.46918860883674,101202.05759805591,4053.579175761344
10.537117902430833,101201.25989105005,4083.568401550716
10.605047196024925,101200.46218412837,4113.40421912947
10.672976489619018,101199.6644772914,4143.087876775291
10.68269302881669,101199.5503740987,4147.321416629445
10.692409568014362,101199.43627090775,4151.551872025993
10.702126107212035,101199.32216771854,4155.779246511878
10.732784640650808,101198.9621386733,4169.097704882546
10.76344317408958,101198.60210964554,4182.385635806446
10.794101707528354,101198.24208063529,4195.64314898918
10.914268395166388,101196.8309404548,4247.315507834249
11.034435082804423,101195.41980054717,4298.528621947951
11.053459565041056,101195.19639251618,4306.5947777381025
11.072484047277689,101194.97298449211,4314.649604613884
11.091508529514321,101194.74957647498,4322.693126725837
11.110533011750954,101194.5261684648,4330.725368110035
11.129557493987587,101194.30276046158,4338.746352673764
11.14858197622422,101194.07935246533,4346.756104235971
11.195042955098847,101193.53375266893,4366.270184347274
11.241503933973474,101192.98815291435,4385.7177589763405
11.287964912848102,101192.44255320179,4405.099161017877
11.334425891722729,101191.89695353141,4424.414725550366
11.392172775334144,101191.21882150142,4448.331044550559
11.449919658945559,101190.54068953719,4472.14679434375
11.507666542556974,101189.86255763905,4495.862594537022
11.537514801261112,101189.51204426824,4508.081837400756
11.56736305996525,101189.16153091523,4520.27462429132
11.59721131866939,101188.81101758005,4532.4410379581395
11.708552582995672,101187.5035177501,4577.593739595289
11.819893847321955,101186.19601817141,4622.384767827247
11.931235111648238,101184.8885188464,4666.818185311616
11.970416001489973,101184.42841108165,4682.369841158509
12.009596891331707,101183.96830334871,4697.877873148191
12.048777781173442,101183.50819564768,4713.342448717178
12.178432334731799,101181.98564090637,4764.209400347587
12.308086888290156,101180.46308651946,4814.608218293409
12.340500526679744,101180.08244797855,4827.135348649882
12.372914165069332,101179.7018094601,4839.633674781221
12.40532780345892,101179.32117096413,4852.103285571672
12.437930839804565,101178.9383083607,4864.616880131917
12.47053387615021,101178.55544578016,4877.101601604249
12.503136912495854,101178.17258322256,4889.557538926878
12.578307867242408,101177.28983902585,4918.167344372019
12.653478821988962,101176.40709495217,4946.625674053478
12.728649776735516,101175.52435100228,4974.933587245041
12.77174892808213,101175.01823117174,4991.09641415065
12.814848079428746,101174.51211138225,5007.210334343843
12.85794723077536,101174.00599163398,5023.275541369982
12.931698892649253,101173.13991498887,5050.6540720905405
13.005450554523145,101172.27383846555,5077.891473024823
13.079202216397038,101171.40776206467,5104.98868555175
13.142354922055981,101170.66615083293,5128.080989446029
13.205507627714924,101169.92453969193,5151.071762433963
13.268660333373868,101169.1829286421,5173.961576249471
13.349399211646006,101168.23480084262,5203.079438275831
13.430138089918144,101167.2866731938,5232.034438806773
13.510876968190281,101166.33854569653,5260.827799811748
13.643435957067537,101164.78188800791,5307.754312333085
13.775994945944792,101163.22523073432,5354.253588813235
13.908553934822047,101161.66857387978,5400.3307446745275
14.013612415977178,101160.43485924158,5436.552137533227
14.18026028382394,101158.47789342652,5493.478202977193
14.346908151670704,101156.5209282932,5549.761230911278
14.513556019517466,101154.56396384965,5605.409904351393
14.692479734328153,101152.46284354708,5664.459047982483
14.721930950476297,101152.11699484652,5674.110220624001
14.751382166624442,101151.77114616806,5683.742220937029
14.780833382772586,101151.42529751176,5693.355123070878
14.831053169320352,101150.83556145121,5709.703167928963
14.881272955868118,101150.24582545544,5725.9963978702335
14.931492742415884,101149.65608952462,5742.235244054858
15.072092697909236,101148.00501065957,5787.415123761043
15.212692653402588,101146.35393231032,5832.181967389605
15.35329260889594,101144.70285448169,5876.54419778986
15.586992712289545,101141.95849447009,5949.405151489138
15.82069281568315,101139.21413593223,6021.205473263857
16.054392919076754,101136.46977889018,6091.982125391842
16.28809302247036,101133.72542336606,6161.766915250267
16.521793125863965,101130.98106938195,6230.588637792943
16.75549322925757,101128.23671695996,6298.474057627291
16.989193332651176,101125.49236612217,6365.448308282261
17.27363806935736,101122.15212093983,6445.769106294388
17.323279148132794,101121.56918414187,6459.654664274068
17.372920226908228,101120.98624741782,6473.501410593158
17.42256130568366,101120.40331076787,6487.309476146953
17.472202384459095,101119.82037419225,6501.07898681637
17.571484542009962,101118.65450126483,6528.502991591063
17.67076669956083,101117.48862863723,6555.7743316332
17.770048857111696,101116.32275631119,6582.8938769830165
18.01666309707452,101113.42676176342,6649.6066831139915
18.263277337037344,101110.53076911256,6715.40151165704
18.509891577000168,101107.6347783846,6780.292194983743
18.756505816962992,101104.73878960547,6844.291427515893
19.13184464321822,101100.3311929778,6940.011809699218
19.507183469473446,101095.92360101608,7033.734688378813
19.882522295728673,101091.51601381185,7125.497301168695
20.2578611219839,101087.10843145667,7215.332855506593
20.633199948239128,101082.70085404206,7303.270744410425
21.008538774494355,101078.29328165959,7389.337630352828
21.38387760074958,101073.88571440075,7473.558434085195
21.75921642700481,101069.47815235711,7555.95686675317
22.134555253260036,101065.0705956202,7636.555614555399
22.509894079515263,101060.66304428157,7715.376584066
22.936468246465097,101055.65385017346,7802.825612519191
23.36304241341493,101050.6446632906,7888.036264975866
23.789616580364765,101045.63548376737,7971.037375466024
24.2161907473146,101040.62631173813,8051.856121527157
24.70409488331142,101034.89696395409,8141.65150757927
25.19199901930824,101029.16762635068,8228.661038128543
25.679903155305063,101023.43829912897,8312.918013219807
26.167807291301884,101017.70898249005,8394.453465898343
26.724829553497827,101011.16804495412,8484.248907549818
27.28185181569377,101004.627121773,8570.574195163654
27.735940493705694,100999.29492352871,8638.40545327158
28.094495176506346,100995.08455324236,8690.366162447881
28.453049859306997,100990.87418920871,8740.924544417727
28.81160454210765,100986.6638315076,8790.088876931448
29.1701592249083,100982.4534802188,8837.8671052911
29.569016209502713,100977.76988420551,8889.396384078796
29.967873194097127,100973.08629633565,8939.229835009688
30.36673017869154,100968.4027167191,8987.376982628186
30.765587163285954,100963.71914546569,9033.84689532402
31.164444147880367,100959.03558268526,9078.648211353286
31.56330113247478,100954.35202848767,9121.78916116366
31.962158117069194,100949.66848298277,9163.2775859696
32.36101510166361,100944.9849462804,9203.120953938589
32.75987208625803,100940.30141849042,9241.326375964176
33.158729070852445,100935.61789972264,9277.90062244847
33.55758605544686,100930.93439008694,9312.850141141844
33.95644304004128,100926.25088969317,9346.181075140652
34.355300024635696,100921.56739865117,9377.899280381198
34.75415700923011,100916.88391707078,9408.010341966075
35.15301399382453,100912.20044506184,9436.519589313235
35.55187097841895,100907.51698273422,9463.43211045736
35.88152970792543,100903.64606820993,9484.473790538796
36.211188437431915,100899.77516043615,9504.430682957527
36.5408471669384,100895.90425947493,9523.305319444165
36.87050589644488,100892.03336538826,9541.100143968195
37.200164625951366,100888.16247823817,9557.817517030624
37.52982335545785,100884.29159808667,9573.459722121348
37.859482084964334,100880.4207249958,9588.02897177612
38.271041412000045,100875.5881800521,9604.715162366118
38.682600739035756,100870.75564633048,9619.736443536516
39.09416006607147,100865.92312395156,9633.0967042183
39.50571939310718,100861.09061303608,9644.799709488138
39.91727872014289,100856.25811370468,9654.849105525225
40.3288380471786,100851.42562607804,9663.248402577156
40.667582118973435,100847.44813661597,9668.926014166876
41.00632619076827,100843.47065523236,9673.489804905634
41.345070262563105,100839.4931819945,9676.94143091498
41.68381433435794,100835.51571696969,9679.282403530677
42.022558406152775,100831.53826022522,9680.514045509553
42.229671304438526,100829.10639123853,9680.721086800206
42.29549950816532,100828.33345322963,9680.700162038718
42.568440610177866,100825.1286516887,9680.167201208998
42.84138171219041,100821.92385563767,9678.91541714743
43.11432281420296,100818.71906511171,9676.944876529678
43.3872639162155,100815.51428014602,9674.255432238284
43.61214972045869,100812.87374893994,9671.499056482355
43.837035524701875,100810.23322155213,9668.25404216821
44.06192132894506,100807.5926980023,9664.519931513525
44.28680713318825,100804.95217831014,9660.29615807764
44.511692937431434,100802.31166249534,9655.582058950911
44.76103961878349,100799.38394176638,9649.781080953624
45.01038630013555,100796.45622585517,9643.375314338497
45.25973298148761,100793.52851478857,9636.363657009975
45.50907966283967,100790.60080859339,9628.745054517474
45.758426344191726,100787.67310729646,9620.51856534554
46.007773025543784,100784.74541092465,9611.683424596482
46.25711970689584,100781.81771950478,9602.239104500384
46.5064663882479,100778.89003306368,9592.185367769061
46.75581306959996,100775.9623516282,9581.52230981659
47.00515975095202,100773.03467522518,9570.250389991537
47.254506432304076,100770.10700388145,9558.370455917398
47.4613229942784,100767.67869821192,9548.056426577226
47.66813955625272,100765.25039605678,9537.32590908154
47.87495611822704,100762.82209743132,9526.180056236242
48.08177268020136,100760.39380235085,9514.620230356057
48.28858924217568,100757.9655108307,9502.64799337646
48.49540580415,100755.53722288618,9490.265083054073
48.702222366124325,100753.10893853259,9477.473371634916
48.909038928098646,100750.68065778527,9464.2748036662
49.11585549007297,100748.25238065951,9450.671313708255
49.32267205204729,100745.82410717064,9436.664727289273
49.52948861402161,100743.39583733396,9422.256654530365
49.73630517599593,100740.9675711648,9407.448389657811
49.94312173797025,100738.53930867846,9392.240831228251
50.14993829994457,100736.11104989027,9376.634436681581
50.319346539348174,100734.12200960188,9363.553747596929
50.48875477875178,100732.13297181351,9350.205279503463
50.65816301815539,100730.14393653355,9336.588703799243
50.827571257559,100728.15490377045,9322.703596225381
50.99697949696261,100726.16587353259,9308.549489310879
51.16638773636622,100724.17684582842,9294.125928347457
51.33579597576983,100722.18782066632,9279.432523647087
51.505204215173436,100720.19879805474,9264.468993911749
51.674612454577044,100718.20977800208,9249.235198825801
51.86768747979026,100715.94288963954,9231.543699853682
52.02718670129574,100714.07021635458,9216.664210192224
52.18668592280122,100712.19754536093,9201.545719072283
52.346185144306695,100710.32487666562,9186.188710358789
52.50568436581217,100708.45221027567,9170.593814231534
52.66518358731765,100706.57954619812,9154.761802489138
52.82468280882313,100704.70688443998,9138.693576613981
52.984182030328604,100702.83422500826,9122.390146237462
53.14368125183408,100700.96156791001,9105.852595913868
53.30318047333956,100699.08891315224,9089.082039208675
53.462679694845036,100697.21626074199,9072.07956210442
53.622178916350514,100695.34361068626,9054.846161034582
53.78167813785599,100693.4709629921,9037.382684432703
53.94117735936147,100691.59831766652,9019.689786530873
54.100676580866946,100689.72567471654,9001.767901669291
54.26017580237242,100687.8530341492,8983.617244787269
54.39868885684174,100686.2267888718,8967.66918837992
54.50828132726103,100684.94009383187,8954.928688293243
54.617873797680325,100683.65339992529,8942.080091867594
54.72746626809962,100682.36670715432,8929.123333196922
54.83705873851891,100681.08001552125,8916.058348750577
54.946651208938206,100679.79332502837,8902.885087762173
55.0562436793575,100678.50663567793,8889.603521287445
55.165836149776794,100677.21994747223,8876.213649361333
55.27542862019609,100675.93326041356,8862.71550618466
55.399461138299294,100674.47703916646,8847.308311759918
55.5234936564025,100673.02081939479,8831.76269288263
55.64752617450571,100671.56460110184,8816.07888283075
55.75045419623611,100670.35616374326,8802.959010009685
55.85338221796652,100669.14772740715,8789.744379636386
55.956310239696926,100667.9392920954,8776.435222131628
56.05923826142733,100666.7308578099,8763.03179352916
56.16216628315774,100665.52242455255,8749.534371185337
56.265094304888144,100664.3139923252,8735.943248017149
56.383551965181375,100662.92323478033,8720.185933817007
56.50200962547461,100661.53247860512,8704.305372592331
56.62046728576784,100660.14172380246,8688.302012935532
56.73892494606107,100658.75097037521,8672.176273139876
56.8573826063543,100657.36021832628,8655.928525815547
56.97584026664753,100655.96946765853,8639.559086304265
57.09429792694076,100654.57871837483,8623.06820614745
57.21275558723399,100653.18797047807,8606.45607227974
57.331213247527224,100651.79722397112,8589.722812964226
57.449670907820455,100650.40647885685,8572.868509146017
57.568128568113686,100649.01573513816,8555.89320982291
57.68658622840692,100647.62499281792,8538.796949799835
57.80504388870015,100646.23425189899,8521.57976777668
57.92350154899338,100644.84351238426,8504.241722789311
58.04195920928661,100643.45277427662,8486.782907813045
58.18954483593612,100641.72006470848,8464.862329794716
58.312004408294676,100640.28234592946,8446.531792290007
58.434463980653234,100638.84462866429,8428.072875657444
58.55692355301179,100637.40691291612,8409.48592240566
58.67938312537035,100635.96919868817,8390.771330388514
58.80184269772891,100634.53148598359,8371.929544341521
58.924302270087466,100633.09377480557,8352.961043324513
59.046761842446024,100631.6560651573,8333.866324518833
59.16922141480458,100630.21835704193,8314.64588452783
59.29168098716314,100628.78065046266,8295.300199962097
59.43865087432907,100627.05518857544,8271.917731309542
59.55427316788484,100625.69775655208,8253.396662454516
59.6698954614406,100624.34032590699,8234.765010894049
59.78551775499637,100622.98289664283,8216.022997640242
59.901140048552136,100621.6254687623,8197.170804466063
60.0167623421079,100620.26804226806,8178.208585908976
60.13238463566367,100618.9106171628,8159.136483857569
60.248006929219436,100617.55319344917,8139.954642174403
60.3636292227752,100616.19577112987,8120.663219749618
60.47925151633097,100614.83835020756,8101.262402002476
60.612326894915064,100613.27602950591,8078.797925325262
60.74540227349916,100611.71371066247,8056.189232277908
60.85124848333032,100610.47106643359,8038.10395160218
60.95709469316149,100609.22842338492,8019.9280044205925
61.06294090299265,100607.9857815185,8001.661682900677
61.168787112823814,100606.74314083639,7983.305297071941
61.27463332265498,100605.50050134065,7964.859167858849
61.38047953248614,100604.25786303332,7946.323618700346
61.5142350040668,100602.687570693,7922.773259898419
61.647990475647454,100601.11728025787,7899.0812222183695
61.78174594722811,100599.54699173206,7875.248061551743
61.88912725022634,100598.28633718981,7856.012580287376
61.996508553224565,100597.02568388297,7836.686689796691
62.10388985622279,100595.76503181367,7817.27059837427
62.21127115922102,100594.50438098407,7797.7645026894925
62.31865246221925,100593.24373139629,7778.168596195718
62.426033765217475,100591.9830830525,7758.483076251477
62.56183428146903,100590.3887970877,7733.459643793044
62.69763479772059,100588.79451312021,7708.2936808541
62.80900318569487,100587.48706129684,7687.549361914629
62.92037157366915,100586.17961082204,7666.709847070503
63.03173996164343,100584.87216169827,7645.775477693466
63.14310834961771,100583.56471392784,7624.746615899587
63.25447673759199,100582.25726751321,7603.623638145868
63.365845125566274,100580.94982245674,7582.406927724458
63.49873347037002,100579.38973871715,7556.968346217757
63.631621815173766,100577.82965691878,7531.39748068643
63.76451015997751,100576.26957706569,7505.694927077086
63.870827494162484,100575.02143641922,7485.037146148321
63.977144828347456,100573.77329702258,7464.295695840652
64.08346216253243,100572.52515887783,7443.4708307364035
64.18977949671739,100571.27702198707,7422.56279929232
64.29609683090236,100570.02888635236,7401.5718493024615
64.40241416508732,100568.7807519758,7380.498233457533
64.56334623994233,100566.8914589317,7348.442514455637
64.68408024899605,100565.47408071224,7324.270393446606
64.80481425804977,100564.05670412505,7299.993000317292
64.9255482671035,100562.6393291732,7275.610804992357
65.04628227615721,100561.2219558597,7251.124297118656
65.16701628521093,100559.80458418763,7226.533977737864
65.28775029426465,100558.38721416001,7201.840350321942
65.45288200381431,100556.44863516801,7167.899722651345
65.579339079229,100554.96408271253,7141.778884285042
65.70579615464369,100553.47953207252,7115.546507329468
65.80972167764757,100552.25949334394,7093.904956863027
65.91364720065145,100551.03945584582,7072.188694681586
66.01757272365533,100549.8194195801,7050.39799694059
66.12149824665921,100548.59938454875,7028.5331420362945
66.2254237696631,100547.37935075372,7006.594413827566
66.3530880857392,100545.88063706551,6979.543734303598
66.48075240181531,100544.38192524944,6952.382582372208
66.58033195208355,100543.21291509064,6931.120276087765
66.6799115023518,100542.04390607479,6909.791402247238
66.77949105262005,100540.87489820358,6888.396252013464
66.87907060288829,100539.70589147872,6866.935115071957
66.97865015315654,100538.53688590194,6845.408274738892
67.07822970342478,100537.36788147493,6823.816006900381
67.21128175997517,100535.80593161953,6794.864106738073
67.34433381652555,100534.24398382391,6765.796520385579
67.45170618522357,100532.98350098166,6742.255196784061
67.5590785539216,100531.72301948564,6718.639265512606
67.66645092261962,100530.46253933797,6694.949047013169
67.77382329131764,100529.20206054082,6671.184863261945
67.88119566001566,100527.9415830963,6647.34704303747
67.98856802871369,100526.68110700657,6623.435923339413
68.10868298628158,100525.27104349397,6596.600672828455
68.22879794384947,100523.86098168249,6569.6746141946805
68.34891290141736,100522.45092157512,6542.658247251265
68.46902785898526,100521.04086317486,6515.552077694409
68.58914281655315,100519.63080648471,6488.356612437335
68.70925777412104,100518.22075150769,6461.072355102252
68.82937273168893,100516.81069824677,6433.6998036071545
68.94948768925683,100515.40064670498,6406.239450269148
69.06960264682472,100513.9905968853,6378.691783704178
69.18971760439261,100512.58054879075,6351.057291703835
69.3098325619605,100511.1705024243,6323.33646450626
69.4299475195284,100509.76045778896,6295.529797839182
69.57692092991512,100508.03512074811,6261.389346613276
69.69684973440593,100506.62726523998,6233.437074869524
69.81677853889674,100505.21941146723,6205.400873244628
69.93670734338755,100503.81155943286,6177.281262945917
70.05663614787836,100502.40370913985,6149.078766211592
70.17656495236918,100500.99586059118,6120.793904048206
70.29649375685999,100499.58801378986,6092.427195150164
70.4164225613508,100498.18016873887,6063.979155940521
70.53635136584161,100496.77232544117,6035.450301608475
70.65628017033242,100495.36448389976,6006.841147881111
70.77620897482323,100493.95664411764,5978.152213010933
70.89613777931405,100492.54880609778,5949.384019388698
71.01606658380486,100491.14096984317,5920.5370943930875
71.13599538829567,100489.7331353568,5891.611970394775
71.25592419278648,100488.32530264166,5862.609183968021
71.37585299727729,100486.91747170073,5833.529274364397
71.4957818017681,100485.50964253698,5804.372781554474
71.61571060625892,100484.10181515344,5775.140244669306
71.63810620672282,100483.8389165441,5769.672954681862
71.66050180718673,100483.57601799698,5764.2030351204385
71.68289740765064,100483.31311951208,5758.730489510418
71.70529300811455,100483.05022108942,5753.255321369302
71.72768860857846,100482.78732272903,5747.777534206029
71.77247980950628,100482.26152619509,5736.814116849756
71.8172710104341,100481.73572991042,5725.840265497205
71.86206221136192,100481.20993387519,5714.856008217346
71.90685341228973,100480.68413808955,5703.861373101487
71.95164461321755,100480.15834255365,5692.856388262941
72.0503355836152,100478.99982858032,5668.572101044522
72.14902655401283,100477.84131582185,5644.238006758759
72.24771752441048,100476.6828042799,5619.854408408334
72.34640849480812,100475.52429395616,5595.421610532608
72.44509946520576,100474.36578485226,5570.939919343524
72.5437904356034,100473.20727696989,5546.409642598123
72.64248140600104,100472.0487703107,5521.831089242093
72.77443941919698,100470.49975273083,5488.892633916786
72.90639743239292,100468.9507373447,5455.869164385567
73.03835544558886,100467.4017241563,5422.761421271806
73.1703134587848,100465.8527131696,5389.570145144694
73.30227147198075,100464.30370438859,5356.296082861469
73.43422948517669,100462.75469781725,5322.940011416078
73.56618749837263,100461.20569345953,5289.502742246106
73.69814551156857,100459.65669131945,5255.985109860617
73.83010352476451,100458.10769140096,5222.387959186186
73.96206153796045,100456.55869370804,5188.7121381693705
74.09401955115639,100455.00969824468,5154.958495035163
74.22597756435233,100453.46070501485,5121.127877676923
74.35793557754828,100451.91171402251,5087.2211335578795
74.48989359074422,100450.36272527168,5053.239109723617
74.62185160394016,100448.8137387663,5019.182653086447
74.7538096171361,100447.26475451037,4985.052611086139
74.91654159475,100445.35453431503,4942.863024974142
75.0396184802838,100443.90980547541,4910.881848279983
75.16269536581761,100442.46507860358,4878.8390015126015
75.28577225135142,100441.02035370277,4846.73517798546
75.40884913688522,100439.57563077622,4814.571071480557
75.5690960435127,100437.6945950796,4772.60399819222
75.70173516834515,100436.13763197389,4737.791808058035
75.8343742931776,100434.58067117378,4702.912323670462
75.96701341801005,100433.02371268334,4667.966411197709
76.0996525428425,100431.46675650658,4632.954937058023
76.24722287266576,100429.73453627735,4593.926226163706
76.39479320248901,100428.00231892259,4554.81863070392
76.54236353231227,100426.27010444789,4515.633346498973
76.68993386213552,100424.53789285879,4476.3715692761325
76.85892054346293,100422.55429517977,4431.3194593229455
76.99213126177048,100420.99064520995,4395.73685330081
77.12534198007803,100419.4269976053,4360.094878673674
77.25855269838559,100417.86335236991,4324.394409704771
77.39176341669314,100416.29970950788,4288.636319794935
77.54783777069936,100414.46769366298,4246.6687564399945
77.6777191242976,100412.94313627998,4211.6859763296625
77.80760047789583,100411.4185811654,4176.651032135756
77.93748183149407,100409.89402832308,4141.564732538083
78.0673631850923,100408.36947775676,4106.427884182469
78.08925409987451,100408.11252187775,4100.5008074798325
78.11114501465671,100407.8555660635,4094.5723219144297
78.13303592943892,100407.59861031407,4088.6424310093325
78.17681775900333,100407.08469900966,4076.778453201567
78.22059958856774,100406.57078796468,4064.9089011712986
78.26438141813215,100406.05687717928,4053.033804410187
78.35368381859794,100405.008647081,4028.79498730398
78.44298621906374,100403.96041806448,4004.533502405007
78.53228861952954,100402.91219013093,3980.2495999570124
78.63840864628254,100401.6665589959,3951.363622264926
78.74452867303555,100400.42092939395,3922.4467454321875
78.85064869978855,100399.17530132717,3893.4994473231304
78.95676872654155,100397.92967479759,3864.522167410765
79.08057513404697,100396.47644920045,3830.6780980522526
79.20438154155238,100395.0232257017,3796.7944853900244
79.32818794905779,100393.57000430468,3762.8720120525686
79.4519943565632,100392.11678501265,3728.9113602153443
79.57580076406862,100390.6635678289,3694.913210227705
79.69960717157403,100389.21035275672,3660.8782403971904
79.82341357907944,100387.75713979937,3626.807127400609
79.94721998658486,100386.30392896017,3592.7005468754614
79.96963116468581,100386.04087198657,3586.522906614926
79.99204234278676,100385.77781508247,3580.3441307503676
80.01445352088771,100385.51475824795,3574.1642229907648
80.05927587708962,100384.98864478763,3561.8010327040424
80.10409823329152,100384.46253160575,3549.4333639913148
80.14892058949343,100383.93641870246,3537.0612474813033
80.2661052637948,100382.56093746077,3504.6945963672524
80.36231743477003,100381.43162707915,3478.098420091548
80.45852960574527,100380.30231798532,3451.4825886186886
80.5547417767205,100379.17301018085,3424.8474126883953
80.67899771370587,100377.71453549755,3390.420603931844
80.80325365069123,100376.25606297067,3355.9627330621197
80.9275095876766,100374.79759260353,3321.47445487637
81.08985440286975,100372.89205228958,3276.3697124405967
81.2521992180629,100370.98651567545,3231.2156987739495
81.41454403325605,100369.08098276856,3186.0138537272705
81.60128384298513,100366.88911660897,3133.962545807059
81.7880236527142,100364.69725537555,3081.8521035348545
81.97476346244328,100362.50539907954,3029.6846966240178
82.2123177649366,100359.71711543232,2963.2421537926643
82.44987206742992,100356.92883981664,2896.7150163809533
82.68742636992324,100354.14057225572,2830.108128858506
82.92498067241657,100351.35231277278,2763.425917516485
83.20188917221368,100348.10214928226,2685.60748543532
83.4787976720108,100344.85199683617,2607.6992614966643
83.75570617180792,100341.60185547124,2529.707933431781
84.03261467160503,100338.35172522423,2451.6401231816653
84.38734453707208,100334.18820640196,2351.5311023717945
84.74207440253913,100330.0247059624,2251.3208394725402
85.09680426800618,100325.86122398285,2151.0226515413215
85.45153413347323,100321.69776054056,2050.6496051571235
85.90428745755798,100316.383823089,1922.451704970783
86.35704078164274,100311.06991612165,1794.1787048920366
86.80979410572749,100305.7560397992,1665.8559416431704
87.26254742981224,100300.44219428232,1537.508018751731
87.715300753897,100295.12837973166,1409.158800770211
88.16805407798175,100289.81459630789,1280.831419688586
88.6208074020665,100284.50084417168,1152.548289618181
89.07356072615126,100279.18712348367,1024.3311258456542
89.52631405023601,100273.87343440457,896.2009650951134
89.97906737432076,100268.55977709501,768.1781850457398
90.5054789637189,100262.38168306374,619.4884744961628
91.03189055311704,100256.20363244977,471.0003779732716
91.55830214251517,100250.02562550563,322.7423784938652
91.65690432374254,100248.86842759134,294.99993726091003
